{
  "project_info": {
    "project_number": "151786613260",
    "firebase_url": "https://tamajarly-default-rtdb.firebaseio.com",
    "project_id": "tamajarly",
    "storage_bucket": "tamajarly.firebasestorage.app"
  },
  "client": [
    {
      "client_info": {
        "mobilesdk_app_id": "1:151786613260:android:d34f91303822c99baedc29",
        "android_client_info": {
          "package_name": "com.KyloCorp.Tamajarly"
        }
      },
      "oauth_client": [
        {
          "client_id": "151786613260-kg0vbm6qd5a6sg04q1nhujviu5h0f11n.apps.googleusercontent.com",
          "client_type": 3
        }
      ],
      "api_key": [
        {
          "current_key": "AIzaSyBUmabbxdIJxCg_BUSVE2WwSb3d3REdxbE"
        }
      ],
      "services": {
        "appinvite_service": {
          "other_platform_oauth_client": [
            {
              "client_id": "151786613260-kg0vbm6qd5a6sg04q1nhujviu5h0f11n.apps.googleusercontent.com",
              "client_type": 3
            }
          ]
        }
      }
    }
  ],
  "configuration_version": "1"
}